# Name,    Type, SubType,  Offset,    Size,     Flags
# OTA dual-slot layout (16MB flash). ASCII only: PlatformIO reads this file with the
# system codepage (GBK on zh-CN Windows); any non-ASCII byte crashes _parse_partitions.
#   app0/app1 = 3.5MB each (0x380000): firmware ~2MB (~55%), ~1.5MB headroom for OTA + growth.
#   spiffs = 8.94MB (0x8F0000): LittleFS real use ~0.9MB preset anims + runtime cache < 6MB.
#   NOTE: spiffs offset moved 0x410000 -> 0x710000, so re-run buildfs + uploadfs after this change.
#   Check: app0 0x10000+0x380000=0x390000; app1 +0x380000=0x710000; spiffs +0x8F0000=0x1000000.
nvs,       data, nvs,      0x9000,    0x5000,
otadata,   data, ota,      0xe000,    0x2000,
app0,      app,  ota_0,    0x10000,   0x380000,
app1,      app,  ota_1,    0x390000,  0x380000,
spiffs,    data, spiffs,   0x710000,  0x8F0000,
